"","sub","item","cond","task","s_time","e_time","fixDur","saccDur","x","y","blink_before","blink_after","fix_num"
"1",1,22,"low","experimental_task_B",1957217,1957422,205,69,226.5,154.5,NA,NA,1
"2",1,22,"low","experimental_task_B",1957431,1957497,66,8,210.5,145,NA,NA,2
"3",1,22,"low","experimental_task_B",1957546,1957674,128,48,552,172.6,NA,NA,3
"4",1,22,"low","experimental_task_B",1957724,1958034,310,49,879.8,83.7,NA,NA,4
"5",1,22,"low","experimental_task_B",1958105,1958328,223,70,210.3,680.1,NA,NA,5
"6",1,67,"high","experimental_task_B",1959822,1959898,76,36,316.5,134.6,NA,NA,1
"7",1,67,"high","experimental_task_B",1959933,1960087,154,34,624.2,160.4,NA,NA,2
"8",1,67,"high","experimental_task_B",1960136,1960416,280,48,922.3,73.8,NA,NA,3
"9",1,67,"high","experimental_task_B",1960502,1960710,208,85,233.4,668.7,NA,1,4
"10",1,67,"high","experimental_task_B",1960951,1961050,99,240,449.4,677.5,1,1,5
"11",1,67,"high","experimental_task_B",1961428,1961606,178,377,1268.5,686.7,1,NA,6
"12",1,31,"low","experimental_task_B",1962372,1962494,122,19,401.1,180,NA,NA,1
"13",1,31,"low","experimental_task_B",1962549,1962689,140,54,879.5,103.9,NA,NA,2
"14",1,31,"low","experimental_task_B",1962714,1962910,196,24,769.1,122.7,NA,NA,3
"15",1,31,"low","experimental_task_B",1962980,1963152,172,69,250.6,652.5,NA,1,4
"16",1,31,"low","experimental_task_B",1963280,1963307,27,127,763.4,627.9,1,1,5
"17",1,31,"low","experimental_task_B",1963328,1963400,72,20,764.1,631,1,NA,6
"18",1,70,"high","experimental_task_B",1966232,1966386,154,22,415.8,176.8,NA,NA,1
"19",1,70,"high","experimental_task_B",1966417,1966488,71,30,255.2,123.5,NA,NA,2
"20",1,70,"high","experimental_task_B",1966546,1966704,158,NA,832.8,103,NA,NA,3
"21",1,70,"high","experimental_task_B",1966745,1966868,123,40,1017.7,60.5,NA,NA,4
"22",1,70,"high","experimental_task_B",1966913,1966980,67,44,1357.9,64.1,NA,NA,5
"23",1,70,"high","experimental_task_B",1967043,1967288,245,NA,637.7,162,NA,NA,6
"24",1,70,"high","experimental_task_B",1967330,1967481,151,NA,281.6,109,NA,NA,7
"25",1,70,"high","experimental_task_B",1967538,1967671,133,56,854.9,90.2,NA,NA,8
"26",1,70,"high","experimental_task_B",1967714,1967814,100,42,1110.8,70.5,NA,NA,9
"27",1,70,"high","experimental_task_B",1967854,1967936,82,39,1359.3,88.8,NA,NA,10
"28",1,70,"high","experimental_task_B",1968023,1968205,182,86,260.6,619.5,NA,1,11
"29",1,70,"high","experimental_task_B",1968282,1968433,151,76,747.3,618.4,1,1,12
"30",1,70,"high","experimental_task_B",1968769,1969042,273,335,1254,688.3,1,NA,13
"31",1,34,"low","experimental_task_B",1969669,1969767,98,NA,402.6,156.7,NA,NA,1
"32",1,34,"low","experimental_task_B",1969822,1970063,241,54,865,83.9,NA,NA,2
"33",1,34,"low","experimental_task_B",1970090,1970213,123,26,1029,66.8,NA,NA,3
"34",1,34,"low","experimental_task_B",1970236,1970336,100,NA,1123.8,60.7,NA,NA,4
"35",1,34,"low","experimental_task_B",1970426,1970631,205,89,334.2,642.1,NA,1,5
"36",1,34,"low","experimental_task_B",1970733,1970842,109,101,789.4,633.7,1,NA,6
"37",1,28,"low","experimental_task_B",1971940,1972048,108,16,333.4,160.5,NA,NA,1
"38",1,28,"low","experimental_task_B",1972083,1972203,120,34,601.8,172.9,NA,NA,2
"39",1,28,"low","experimental_task_B",1972249,1972429,180,NA,922,90,NA,NA,3
"40",1,28,"low","experimental_task_B",1972450,1972589,139,20,838.3,98.5,NA,NA,4
"41",1,28,"low","experimental_task_B",1972661,1972815,154,71,236.2,659.8,NA,NA,5
"42",1,28,"low","experimental_task_B",1972839,1972959,120,23,147.9,681.8,NA,1,6
"43",1,28,"low","experimental_task_B",1973018,1973084,66,58,813.4,650.8,1,1,7
"44",1,28,"low","experimental_task_B",1973162,1973205,43,77,814.1,649.5,1,1,8
"45",1,28,"low","experimental_task_B",1973477,1973662,185,NA,1212.9,680.4,1,NA,9
"46",1,4,"low","experimental_task_B",1975849,1975998,149,69,673.9,158,NA,NA,1
"47",1,4,"low","experimental_task_B",1976006,1976029,23,7,668.4,148.9,NA,NA,2
"48",1,4,"low","experimental_task_B",1976083,1976256,173,NA,1083.2,78.5,NA,NA,3
"49",1,4,"low","experimental_task_B",1976272,1976337,65,15,1028.9,84.4,NA,NA,4
"50",1,4,"low","experimental_task_B",1976430,1976644,214,92,228.6,664.1,NA,NA,5
"51",1,4,"low","experimental_task_B",1976711,1976821,110,66,882.4,188.3,NA,NA,6
"52",1,4,"low","experimental_task_B",1976902,1977289,387,80,368.4,705.7,NA,1,7
"53",1,4,"low","experimental_task_B",1977987,1978046,59,697,825.5,702.3,1,1,8
"54",1,4,"low","experimental_task_B",1978078,1978134,56,31,825.5,675.5,1,1,9
"55",1,4,"low","experimental_task_B",1978216,1978374,158,81,909.7,186.2,1,NA,10
"56",1,4,"low","experimental_task_B",1978396,1978656,260,21,911.2,114.8,NA,NA,11
"57",1,4,"low","experimental_task_B",1978725,1978914,189,68,1355.8,695.5,NA,NA,12
"58",1,98,"high","experimental_task_B",1979563,1979718,155,255,282.3,187.9,NA,NA,1
"59",1,98,"high","experimental_task_B",1979739,1979781,42,20,294.7,156.9,NA,NA,2
"60",1,98,"high","experimental_task_B",1979834,1979992,158,52,792.4,130.2,NA,NA,3
"61",1,98,"high","experimental_task_B",1980018,1980106,88,NA,712.9,151.7,NA,NA,4
"62",1,98,"high","experimental_task_B",1980154,1980314,160,NA,1030.5,56.5,NA,NA,5
"63",1,98,"high","experimental_task_B",1980390,1980600,210,75,270.3,662.3,NA,1,6
"64",1,98,"high","experimental_task_B",1980671,1980744,73,70,792.6,630.4,1,1,7
"65",1,98,"high","experimental_task_B",1980765,1980804,39,20,792.7,632.2,1,1,8
"66",1,98,"high","experimental_task_B",1980826,1980877,51,21,794.3,638.4,1,1,9
"67",1,98,"high","experimental_task_B",1980920,1980943,23,42,791.8,639.1,1,1,10
"68",1,98,"high","experimental_task_B",1981121,1981142,21,177,783.8,633.2,1,1,11
"69",1,98,"high","experimental_task_B",1981225,1981251,26,82,780.8,624.7,1,NA,12
"70",1,63,"high","experimental_task_B",1981653,1981819,166,NA,232.4,131,NA,NA,1
"71",1,63,"high","experimental_task_B",1981857,1981971,114,NA,495.9,163.3,NA,NA,2
"72",1,63,"high","experimental_task_B",1982022,1982166,144,50,897.6,82.4,NA,NA,3
"73",1,63,"high","experimental_task_B",1982198,1982309,111,NA,768.1,115.6,NA,NA,4
"74",1,63,"high","experimental_task_B",1982397,1982735,338,87,236.7,689.2,NA,NA,5
"75",1,63,"high","experimental_task_B",1982781,1982917,136,45,444.5,667,NA,1,6
"76",1,63,"high","experimental_task_B",1982981,1983012,31,63,810,642.8,1,1,7
"77",1,63,"high","experimental_task_B",1983033,1983150,117,20,807.5,647.1,1,1,8
"78",1,63,"high","experimental_task_B",1983386,1983438,52,235,1166.2,723.2,1,NA,9
"79",1,21,"low","experimental_task_B",1986001,1986141,140,43,523.9,164.8,NA,NA,1
"80",1,21,"low","experimental_task_B",1986193,1986341,148,51,917.1,78.9,NA,NA,2
"81",1,21,"low","experimental_task_B",1986387,1986476,89,45,698.8,156,NA,NA,3
"82",1,21,"low","experimental_task_B",1986526,1986698,172,49,1093.7,73.2,NA,NA,4
"83",1,21,"low","experimental_task_B",1986729,1986797,68,NA,946.8,70.4,NA,NA,5
"84",1,21,"low","experimental_task_B",1986894,1987107,213,NA,206.2,662.8,NA,1,6
"85",1,21,"low","experimental_task_B",1987334,1987548,214,NA,386.4,668.5,1,NA,7
"86",1,92,"high","experimental_task_B",1990639,1990823,184,38,464.7,184.7,NA,NA,1
"87",1,92,"high","experimental_task_B",1990878,1991183,305,NA,875.7,80.8,NA,NA,2
"88",1,92,"high","experimental_task_B",1991210,1991294,84,26,747.3,147.2,NA,NA,3
"89",1,92,"high","experimental_task_B",1991326,1991417,91,31,916.7,81.4,NA,NA,4
"90",1,92,"high","experimental_task_B",1991493,1991616,123,NA,251.7,652.4,NA,NA,5
"91",1,92,"high","experimental_task_B",1991630,1991814,184,13,264.3,696.7,NA,NA,6
"92",1,92,"high","experimental_task_B",1991834,1991997,163,19,347.4,700.4,NA,1,7
"93",1,92,"high","experimental_task_B",1992326,1992462,136,328,1158.3,696.4,1,1,8
"94",1,92,"high","experimental_task_B",1992582,1992826,244,119,1289.2,724.7,1,NA,9
"95",1,15,"low","experimental_task_B",1993616,1993761,145,41,393,151.2,NA,NA,1
"96",1,15,"low","experimental_task_B",1993808,1993944,136,46,663.8,154.3,NA,NA,2
"97",1,15,"low","experimental_task_B",1993997,1994155,158,52,1013.3,62.6,NA,NA,3
"98",1,15,"low","experimental_task_B",1994184,1994325,141,28,862.8,74.1,NA,NA,4
"99",1,15,"low","experimental_task_B",1994403,1994577,174,77,264.1,651.8,NA,NA,5
"100",1,15,"low","experimental_task_B",1994593,1994736,143,15,238.3,681.9,NA,1,6
"101",1,15,"low","experimental_task_B",1994959,1995139,180,222,431.7,686.7,1,1,7
"102",1,15,"low","experimental_task_B",1995217,1995397,180,77,806.4,177.2,1,NA,8
"103",1,1,"low","experimental_task_B",1996164,1996277,113,145,490.1,200.5,NA,NA,1
"104",1,1,"low","experimental_task_B",1996313,1996468,155,35,264.3,119,NA,NA,2
"105",1,1,"low","experimental_task_B",1996520,1996708,188,51,603.6,162.2,NA,NA,3
"106",1,1,"low","experimental_task_B",1996735,1996867,132,26,781.1,127.9,NA,NA,4
"107",1,1,"low","experimental_task_B",1996912,1997035,123,NA,1086.6,82.7,NA,NA,5
"108",1,1,"low","experimental_task_B",1997062,1997356,294,26,961.3,74.1,NA,NA,6
"109",1,1,"low","experimental_task_B",1997437,1997601,164,80,173.7,735.5,NA,NA,7
"110",1,1,"low","experimental_task_B",1997627,1997781,154,25,336.3,700.1,NA,NA,8
"111",1,48,"low","experimental_task_B",2000044,2000151,107,26,215.8,127.2,NA,NA,1
"112",1,48,"low","experimental_task_B",2000204,2000359,155,52,663.4,150.3,NA,NA,2
"113",1,48,"low","experimental_task_B",2000407,2000665,258,47,309.5,136.2,NA,NA,3
"114",1,48,"low","experimental_task_B",2000713,2000846,133,47,602.2,163.1,NA,NA,4
"115",1,48,"low","experimental_task_B",2000873,2001118,245,26,771.2,130.7,NA,NA,5
"116",1,48,"low","experimental_task_B",2001139,2001272,133,20,835.5,98.5,NA,NA,6
"117",1,48,"low","experimental_task_B",2001319,2001505,186,46,1140.2,92.6,NA,NA,7
"118",1,48,"low","experimental_task_B",2001611,2001794,183,105,231.8,673.1,NA,NA,8
"119",1,50,"low","experimental_task_B",2003523,2003664,141,26,381.5,165.5,NA,NA,1
"120",1,50,"low","experimental_task_B",2003692,2003797,105,27,235.1,121.2,NA,NA,2
"121",1,50,"low","experimental_task_B",2003851,2004073,222,53,701.4,159.1,NA,NA,3
"122",1,50,"low","experimental_task_B",2004093,2004380,287,NA,758.4,143.7,NA,NA,4
"123",1,50,"low","experimental_task_B",2004424,2004641,217,43,1027,85.7,NA,NA,5
"124",1,50,"low","experimental_task_B",2004729,2004887,158,87,284.4,616.5,NA,NA,6
"125",1,50,"low","experimental_task_B",2004909,2005064,155,NA,238.6,650.8,NA,1,7
"126",1,50,"low","experimental_task_B",2005121,2005141,20,56,479.9,670,1,1,8
"127",1,50,"low","experimental_task_B",2005195,2005233,38,53,483.5,669.3,1,1,9
"128",1,50,"low","experimental_task_B",2005491,2005670,179,257,576.4,254.5,1,NA,10
"129",1,23,"low","experimental_task_B",2006501,2006661,160,46,586.5,170.8,NA,NA,1
"130",1,23,"low","experimental_task_B",2006712,2006851,139,NA,877.5,93.1,NA,NA,2
"131",1,23,"low","experimental_task_B",2006878,2006989,111,26,767.7,140,NA,NA,3
"132",1,23,"low","experimental_task_B",2007060,2007261,201,70,246.2,639.9,NA,NA,4
"133",1,43,"low","experimental_task_B",2008640,2008739,99,25,230.5,130.3,NA,NA,1
"134",1,43,"low","experimental_task_B",2008798,2009012,214,58,721.7,140.3,NA,NA,2
"135",1,43,"low","experimental_task_B",2009047,2009298,251,34,935.7,80.5,NA,NA,3
"136",1,43,"low","experimental_task_B",2009374,2009630,256,75,265.2,653.8,NA,1,4
"137",1,43,"low","experimental_task_B",2009898,2009951,53,267,505.3,673.6,1,1,5
"138",1,43,"low","experimental_task_B",2009972,2010089,117,20,500.3,672.7,1,NA,6
"139",1,97,"high","experimental_task_B",2011009,2011120,111,NA,218.4,135.6,NA,NA,1
"140",1,97,"high","experimental_task_B",2011171,2011361,190,50,620,172,NA,NA,2
"141",1,97,"high","experimental_task_B",2011404,2011607,203,NA,878.8,99.3,NA,NA,3
"142",1,97,"high","experimental_task_B",2011656,2011777,121,48,1225.5,69,NA,NA,4
"143",1,97,"high","experimental_task_B",2011865,2012057,192,87,268.4,685.9,NA,1,5
"144",1,97,"high","experimental_task_B",2012238,2012319,81,180,856.7,645.9,1,1,6
"145",1,97,"high","experimental_task_B",2012362,2012409,47,42,852.4,643.8,1,NA,7
"146",1,13,"low","experimental_task_B",2013463,2013629,166,31,573.2,158.5,NA,NA,1
"147",1,13,"low","experimental_task_B",2013679,2013819,140,49,918.4,80.7,NA,NA,2
"148",1,13,"low","experimental_task_B",2013842,2013974,132,22,816.2,88.4,NA,NA,3
"149",1,13,"low","experimental_task_B",2014049,2014216,167,74,211.1,698,NA,NA,4
"150",1,13,"low","experimental_task_B",2014262,2014378,116,45,461.3,678.4,NA,NA,5
"151",1,27,"low","experimental_task_B",2015572,2015814,242,13,390.2,191.9,NA,NA,1
"152",1,27,"low","experimental_task_B",2015851,2016007,156,36,663.6,171.5,NA,NA,2
"153",1,27,"low","experimental_task_B",2016058,2016206,148,NA,1001.5,89.9,NA,NA,3
"154",1,27,"low","experimental_task_B",2016288,2016490,202,81,277,675.7,NA,1,4
"155",1,27,"low","experimental_task_B",2016561,2016733,172,70,802.6,634.2,1,NA,5
"156",1,93,"high","experimental_task_B",2018795,2018926,131,910,395.2,246.9,NA,NA,1
"157",1,93,"high","experimental_task_B",2018965,2019063,98,38,233.8,138.8,NA,1,2
"158",1,93,"high","experimental_task_B",2019289,2019417,128,225,439.6,165.8,1,NA,3
"159",1,93,"high","experimental_task_B",2019468,2019613,145,50,878.6,90.9,NA,NA,4
"160",1,93,"high","experimental_task_B",2019645,2019781,136,31,730.4,143.2,NA,NA,5
"161",1,93,"high","experimental_task_B",2019856,2020034,178,74,200.5,699.2,NA,1,6
"162",1,93,"high","experimental_task_B",2020534,2020577,43,499,1166,703.4,1,1,7
"163",1,93,"high","experimental_task_B",2020828,2021355,527,250,560.4,278.1,1,NA,8
"164",1,93,"high","experimental_task_B",2021414,2021652,238,58,952,410.3,NA,NA,9
"165",1,93,"high","experimental_task_B",2021702,2021855,153,NA,1246.3,525.5,NA,NA,10
"166",1,24,"low","experimental_task_B",2022565,2022716,151,NA,677.2,158.9,NA,NA,1
"167",1,24,"low","experimental_task_B",2022740,2022859,119,NA,588.2,165.3,NA,NA,2
"168",1,24,"low","experimental_task_B",2022902,2023097,195,NA,854.2,109.2,NA,NA,3
"169",1,24,"low","experimental_task_B",2023172,2023379,207,74,264.7,647.8,NA,1,4
"170",1,24,"low","experimental_task_B",2023648,2023830,182,268,231.7,697.4,1,NA,5
"171",1,32,"low","experimental_task_B",2026055,2026197,142,25,262.1,115.6,NA,NA,1
"172",1,32,"low","experimental_task_B",2026239,2026358,119,41,591,152.1,NA,NA,2
"173",1,32,"low","experimental_task_B",2026412,2026538,126,NA,1025.9,79.1,NA,NA,3
"174",1,32,"low","experimental_task_B",2026560,2026700,140,NA,925,78.8,NA,NA,4
"175",1,32,"low","experimental_task_B",2026776,2026925,149,NA,200.7,664.9,NA,1,5
"176",1,32,"low","experimental_task_B",2027259,2027283,24,333,808.4,644.4,1,1,6
"177",1,32,"low","experimental_task_B",2027304,2027356,52,20,805.9,642.9,1,NA,7
"178",1,61,"high","experimental_task_B",2027921,2028013,92,29,282.6,139.6,NA,NA,1
"179",1,61,"high","experimental_task_B",2028065,2028231,166,NA,692.7,162.1,NA,NA,2
"180",1,61,"high","experimental_task_B",2028260,2028316,56,28,559.4,158,NA,NA,3
"181",1,61,"high","experimental_task_B",2028373,2028514,141,56,971.2,69.2,NA,NA,4
"182",1,61,"high","experimental_task_B",2028592,2028715,123,77,320.9,617.2,NA,NA,5
"183",1,61,"high","experimental_task_B",2028738,2028815,77,NA,356,674.8,NA,1,6
"184",1,61,"high","experimental_task_B",2028884,2029061,177,68,807.5,636,1,NA,7
"185",1,91,"high","experimental_task_B",2029713,2029854,141,19,404.2,169.9,NA,NA,1
"186",1,91,"high","experimental_task_B",2029900,2030089,189,45,224.2,114.4,NA,NA,2
"187",1,91,"high","experimental_task_B",2030137,2030285,148,47,572.3,161.6,NA,NA,3
"188",1,91,"high","experimental_task_B",2030361,2030563,202,75,206.3,670.2,NA,NA,4
"189",1,77,"high","experimental_task_B",2044462,2044639,177,25,169.2,112.4,NA,NA,1
"190",1,77,"high","experimental_task_B",2044680,2044781,101,40,322.8,123.3,NA,NA,2
"191",1,77,"high","experimental_task_B",2044835,2045020,185,53,733,136.9,NA,NA,3
"192",1,77,"high","experimental_task_B",2045072,2045301,229,NA,1088.4,84.9,NA,NA,4
"193",1,77,"high","experimental_task_B",2045323,2045377,54,21,1171.1,101.3,NA,NA,5
"194",1,77,"high","experimental_task_B",2045463,2045645,182,85,191.7,759.2,NA,NA,6
"195",1,42,"low","experimental_task_B",2047080,2047171,91,41,377.1,181.7,NA,NA,1
"196",1,42,"low","experimental_task_B",2047213,2047385,172,41,693,166.4,NA,NA,2
"197",1,42,"low","experimental_task_B",2047414,2047542,128,28,831.7,113.9,NA,NA,3
"198",1,42,"low","experimental_task_B",2047624,2047863,239,81,224.2,724,NA,1,4
"199",1,42,"low","experimental_task_B",2048282,2048333,51,418,804.5,642.3,1,NA,5
"200",1,99,"high","experimental_task_B",2049340,2049471,131,32,363.9,162.2,NA,NA,1
"201",1,99,"high","experimental_task_B",2049506,2049675,169,34,604.7,175.4,NA,NA,2
"202",1,99,"high","experimental_task_B",2049716,2049920,204,40,810.2,118.4,NA,NA,3
"203",1,99,"high","experimental_task_B",2049996,2050165,169,75,261.5,621.6,NA,NA,4
"204",1,99,"high","experimental_task_B",2050191,2050350,159,NA,394,683.2,NA,NA,5
"205",1,14,"low","experimental_task_B",2053274,2053418,144,27,199.4,115.4,NA,NA,1
"206",1,14,"low","experimental_task_B",2053463,2053602,139,44,487.4,155.6,NA,NA,2
"207",1,14,"low","experimental_task_B",2053623,2053759,136,20,609.5,145.4,NA,NA,3
"208",1,14,"low","experimental_task_B",2053784,2054036,252,24,759.1,112.4,NA,NA,4
"209",1,14,"low","experimental_task_B",2054061,2054294,233,24,902.5,84.8,NA,NA,5
"210",1,14,"low","experimental_task_B",2054322,2054394,72,27,1076.4,90.1,NA,NA,6
"211",1,14,"low","experimental_task_B",2054473,2054740,267,78,225.6,694.2,NA,1,7
"212",1,14,"low","experimental_task_B",2055382,2055581,199,641,1234.1,742,1,NA,8
"213",1,86,"high","experimental_task_B",2056193,2056283,90,27,202.2,122,NA,NA,1
"214",1,86,"high","experimental_task_B",2056338,2056504,166,54,651.3,145.7,NA,NA,2
"215",1,86,"high","experimental_task_B",2056539,2056697,158,34,829.9,102.9,NA,NA,3
"216",1,86,"high","experimental_task_B",2056721,2057001,280,23,925,79.9,NA,NA,4
"217",1,86,"high","experimental_task_B",2057062,2057142,80,60,377.9,483.3,NA,NA,5
"218",1,86,"high","experimental_task_B",2057184,2057351,167,41,172,729.9,NA,NA,6
"219",1,86,"high","experimental_task_B",2057378,2057508,130,26,325.6,712.7,NA,NA,7
"220",1,73,"high","experimental_task_B",2059056,2059235,179,47,539.1,153.8,NA,NA,1
"221",1,73,"high","experimental_task_B",2059263,2059457,194,27,744.2,120.4,NA,NA,2
"222",1,73,"high","experimental_task_B",2059506,2059653,147,NA,1067.2,56.9,NA,NA,3
"223",1,73,"high","experimental_task_B",2059733,2059910,177,79,258.3,678.5,NA,NA,4
"224",1,90,"high","experimental_task_B",2062626,2062785,159,179,400.6,196.9,NA,NA,1
"225",1,90,"high","experimental_task_B",2062817,2062991,174,31,196.5,121.8,NA,NA,2
"226",1,90,"high","experimental_task_B",2063019,2063317,298,27,376.8,147.1,NA,NA,3
"227",1,90,"high","experimental_task_B",2063349,2063529,180,NA,228.6,114.6,NA,NA,4
"228",1,90,"high","experimental_task_B",2063555,2063761,206,25,382.6,147,NA,NA,5
"229",1,90,"high","experimental_task_B",2063784,2063936,152,22,486,159.2,NA,NA,6
"230",1,90,"high","experimental_task_B",2063988,2064296,308,NA,890,94.6,NA,NA,7
"231",1,90,"high","experimental_task_B",2064328,2064362,34,31,932.1,138.3,NA,NA,8
"232",1,90,"high","experimental_task_B",2064447,2064587,140,84,240.3,692,NA,NA,9
"233",1,90,"high","experimental_task_B",2064620,2064927,307,32,444.8,660.7,NA,NA,10
"234",1,16,"low","experimental_task_B",2067524,2067696,172,35,330.6,155.7,NA,NA,1
"235",1,16,"low","experimental_task_B",2067748,2067915,167,51,770.8,132.5,NA,NA,2
"236",1,16,"low","experimental_task_B",2067943,2068075,132,27,656.7,161.5,NA,NA,3
"237",1,16,"low","experimental_task_B",2068124,2068448,324,48,964.2,76,NA,NA,4
"238",1,16,"low","experimental_task_B",2068472,2068608,136,23,878.2,84.2,NA,NA,5
"239",1,16,"low","experimental_task_B",2068684,2068897,213,NA,248.7,699.9,NA,NA,6
"240",1,16,"low","experimental_task_B",2068920,2069009,89,22,184.8,698.9,NA,1,7
"241",1,16,"low","experimental_task_B",2069303,2069329,26,293,796.9,633.6,1,1,8
"242",1,16,"low","experimental_task_B",2069353,2069455,102,23,794.3,633.6,1,NA,9
"243",1,75,"high","experimental_task_B",2073505,2073662,157,36,415.4,188.1,NA,NA,1
"244",1,75,"high","experimental_task_B",2073695,2073850,155,32,666.5,169.1,NA,NA,2
"245",1,75,"high","experimental_task_B",2073897,2074049,152,46,907.1,84.2,NA,NA,3
"246",1,75,"high","experimental_task_B",2074116,2074327,211,66,285.7,628.4,NA,1,4
"247",1,75,"high","experimental_task_B",2075406,2075532,126,1078,477.6,219.9,1,NA,5
"248",1,75,"high","experimental_task_B",2075582,2075737,155,49,217.5,120.6,NA,NA,6
"249",1,75,"high","experimental_task_B",2075786,2075901,115,NA,630.5,177.8,NA,NA,7
"250",1,75,"high","experimental_task_B",2075947,2076079,132,45,915,104.6,NA,NA,8
"251",1,75,"high","experimental_task_B",2076160,2076334,174,80,254.6,771.4,NA,NA,9
"252",1,20,"low","experimental_task_B",2077064,2077214,150,28,213.2,139.6,NA,NA,1
"253",1,20,"low","experimental_task_B",2077260,2077512,252,NA,567.7,167.8,NA,NA,2
"254",1,20,"low","experimental_task_B",2077559,2077859,300,46,914.5,104.3,NA,NA,3
"255",1,20,"low","experimental_task_B",2077939,2078147,208,79,237.2,688,NA,1,4
"256",1,20,"low","experimental_task_B",2078393,2078502,109,245,826.8,664.2,1,1,5
"257",1,20,"low","experimental_task_B",2078523,2078548,25,20,825.2,657.2,1,NA,6
"258",1,26,"low","experimental_task_B",2081445,2081642,197,65,314.2,115.5,NA,NA,1
"259",1,26,"low","experimental_task_B",2081660,2081874,214,17,375.3,131.8,NA,NA,2
"260",1,26,"low","experimental_task_B",2081924,2082125,201,49,673,144.3,NA,NA,3
"261",1,26,"low","experimental_task_B",2082148,2082323,175,22,586.8,160.4,NA,NA,4
"262",1,26,"low","experimental_task_B",2082359,2082894,535,35,773.3,129.4,NA,NA,5
"263",1,26,"low","experimental_task_B",2082913,2083062,149,19,835.2,107.5,NA,NA,6
"264",1,26,"low","experimental_task_B",2083099,2083238,139,36,1040.2,61.9,NA,NA,7
"265",1,26,"low","experimental_task_B",2083313,2083485,172,74,310.3,701.3,NA,1,8
"266",1,26,"low","experimental_task_B",2083771,2083830,59,285,821.3,658.5,1,NA,9
"267",1,78,"high","experimental_task_B",2084707,2084829,122,24,254.7,128.6,NA,NA,1
"268",1,78,"high","experimental_task_B",2084885,2085047,162,55,769.1,143.1,NA,NA,2
"269",1,78,"high","experimental_task_B",2085075,2085249,174,NA,939.1,93.2,NA,NA,3
"270",1,78,"high","experimental_task_B",2085297,2085456,159,47,1266.2,76.5,NA,NA,4
"271",1,78,"high","experimental_task_B",2085544,2085716,172,87,245.4,643.6,NA,NA,5
"272",1,78,"high","experimental_task_B",2085746,2085829,83,29,450.9,657.2,NA,1,6
"273",1,78,"high","experimental_task_B",2086578,2086839,261,748,882.7,287.5,1,NA,7
"274",1,49,"low","experimental_task_B",2087493,2087672,179,48,471.9,184.1,NA,NA,1
"275",1,49,"low","experimental_task_B",2087725,2087858,133,NA,843.8,121.9,NA,NA,2
"276",1,49,"low","experimental_task_B",2087883,2088094,211,24,708.9,173.4,NA,NA,3
"277",1,49,"low","experimental_task_B",2088133,2088252,119,NA,930.4,99.4,NA,NA,4
"278",1,49,"low","experimental_task_B",2088318,2088499,181,NA,350.7,687.6,NA,1,5
"279",1,49,"low","experimental_task_B",2088957,2089029,72,457,1334,835.6,1,1,6
"280",1,49,"low","experimental_task_B",2089079,2089152,73,49,1583,910.6,1,NA,7
"281",1,30,"low","experimental_task_B",2094032,2094165,133,76,471.9,158.5,NA,NA,1
"282",1,30,"low","experimental_task_B",2094216,2094301,85,50,247.2,127.9,NA,NA,2
"283",1,30,"low","experimental_task_B",2094365,2094583,218,63,794.8,118.5,NA,NA,3
"284",1,30,"low","experimental_task_B",2094611,2094745,134,27,944,94.8,NA,NA,4
"285",1,30,"low","experimental_task_B",2094826,2094991,165,80,239.4,704.3,NA,1,5
"286",1,30,"low","experimental_task_B",2095946,2096042,96,954,1183.7,736.7,1,1,6
"287",1,30,"low","experimental_task_B",2096643,2096848,205,NA,892.3,250.9,1,1,7
"288",1,30,"low","experimental_task_B",2097106,2097322,216,257,1214.7,678.1,1,NA,8
"289",1,10,"low","experimental_task_B",2098429,2098573,144,383,460.9,302.4,NA,NA,1
"290",1,10,"low","experimental_task_B",2098616,2098795,179,42,218.5,129,NA,NA,2
"291",1,10,"low","experimental_task_B",2098826,2099036,210,30,467.2,167.3,NA,NA,3
"292",1,10,"low","experimental_task_B",2099070,2099243,173,33,705.4,152.9,NA,NA,4
"293",1,10,"low","experimental_task_B",2099286,2099413,127,42,393.4,161.2,NA,NA,5
"294",1,10,"low","experimental_task_B",2099463,2099595,132,NA,764.2,135.4,NA,NA,6
"295",1,10,"low","experimental_task_B",2099625,2099713,88,29,924.6,87.8,NA,NA,7
"296",1,10,"low","experimental_task_B",2099796,2099956,160,82,214.3,654.2,NA,NA,8
"297",1,68,"high","experimental_task_B",2101236,2101333,97,22,190.3,131,NA,NA,1
"298",1,68,"high","experimental_task_B",2101379,2101525,146,45,529.6,181.2,NA,NA,2
"299",1,68,"high","experimental_task_B",2101572,2101858,286,46,859.3,110.6,NA,NA,3
"300",1,68,"high","experimental_task_B",2101924,2102052,128,65,1028.9,83.1,NA,NA,4
"301",1,68,"high","experimental_task_B",2102129,2102389,260,76,319.2,673.7,NA,1,5
"302",1,68,"high","experimental_task_B",2103052,2103170,118,662,391,282.6,1,NA,6
"303",1,68,"high","experimental_task_B",2103195,2103309,114,24,288.6,171.8,NA,NA,7
"304",1,68,"high","experimental_task_B",2103372,2103506,134,NA,930,116.5,NA,NA,8
"305",1,37,"low","experimental_task_B",2104450,2104526,76,NA,355,165.1,NA,NA,1
"306",1,37,"low","experimental_task_B",2104575,2104703,128,48,625.6,172.6,NA,NA,2
"307",1,37,"low","experimental_task_B",2104755,2104951,196,NA,1048,77.6,NA,NA,3
"308",1,37,"low","experimental_task_B",2104972,2105127,155,20,971.3,81.2,NA,NA,4
"309",1,37,"low","experimental_task_B",2105208,2105435,227,80,246.1,764.5,NA,1,5
"310",1,37,"low","experimental_task_B",2105757,2105949,192,321,374.3,699.7,1,NA,6
"311",1,53,"high","experimental_task_B",2106797,2107022,225,70,344.2,159.2,NA,NA,1
"312",1,53,"high","experimental_task_B",2107053,2107225,172,30,231.1,136.5,NA,NA,2
"313",1,53,"high","experimental_task_B",2107272,2107541,269,46,480,175.7,NA,1,3
"314",1,53,"high","experimental_task_B",2107779,2108353,574,237,244.8,134.4,1,NA,4
"315",1,53,"high","experimental_task_B",2108372,2108545,173,NA,206,115.2,NA,NA,5
"316",1,53,"high","experimental_task_B",2108590,2108769,179,44,427.9,166.9,NA,NA,6
"317",1,53,"high","experimental_task_B",2108815,2108963,148,45,239.7,119.3,NA,NA,7
"318",1,53,"high","experimental_task_B",2109017,2109131,114,53,653.3,167.9,NA,NA,8
"319",1,53,"high","experimental_task_B",2109163,2109310,147,31,829.6,93.8,NA,NA,9
"320",1,53,"high","experimental_task_B",2109374,2109549,175,63,381.1,608.8,NA,NA,10
"321",1,53,"high","experimental_task_B",2109575,2109756,181,25,243.5,690.3,NA,NA,11
"322",1,46,"low","experimental_task_B",2113523,2113697,174,20,359,182.9,NA,NA,1
"323",1,46,"low","experimental_task_B",2113729,2113891,162,31,194.6,121.6,NA,NA,2
"324",1,46,"low","experimental_task_B",2113940,2114246,306,48,561.1,172.3,NA,NA,3
"325",1,46,"low","experimental_task_B",2114290,2114446,156,43,232.6,116.5,NA,NA,4
"326",1,46,"low","experimental_task_B",2114485,2114719,234,38,476.9,170.9,NA,NA,5
"327",1,46,"low","experimental_task_B",2114780,2114966,186,60,816.8,133.7,NA,NA,6
"328",1,46,"low","experimental_task_B",2114990,2115152,162,23,730.4,155.4,NA,NA,7
"329",1,46,"low","experimental_task_B",2115194,2115374,180,NA,963.1,56.9,NA,NA,8
"330",1,46,"low","experimental_task_B",2115420,2115551,131,45,727.8,119.5,NA,NA,9
"331",1,46,"low","experimental_task_B",2115635,2115783,148,83,177.9,676.2,NA,NA,10
"332",1,25,"low","experimental_task_B",2117909,2117955,46,NA,226,123.8,NA,NA,1
"333",1,25,"low","experimental_task_B",2118000,2118143,143,44,575.1,174.8,NA,NA,2
"334",1,25,"low","experimental_task_B",2118191,2118341,150,47,835.3,85.7,NA,NA,3
"335",1,25,"low","experimental_task_B",2118474,2118660,186,132,225.8,631.8,NA,NA,4
"336",1,36,"low","experimental_task_B",2119924,2120063,139,22,356.7,178.3,NA,NA,1
"337",1,36,"low","experimental_task_B",2120112,2120458,346,NA,711.5,138.2,NA,NA,2
"338",1,36,"low","experimental_task_B",2120521,2120696,175,62,342.1,147.3,NA,NA,3
"339",1,36,"low","experimental_task_B",2120747,2120905,158,50,718.4,131.1,NA,NA,4
"340",1,36,"low","experimental_task_B",2120932,2121205,273,26,866.7,95.4,NA,NA,5
"341",1,36,"low","experimental_task_B",2121231,2121513,282,25,935,86,NA,NA,6
"342",1,36,"low","experimental_task_B",2121548,2121882,334,34,1143.2,54.9,NA,NA,7
"343",1,36,"low","experimental_task_B",2121902,2122482,580,19,1193.9,71.1,NA,1,8
"344",1,36,"low","experimental_task_B",2122732,2122901,169,249,831.1,97.5,1,NA,9
"345",1,36,"low","experimental_task_B",2122946,2123024,78,44,1126,73.2,NA,NA,10
"346",1,36,"low","experimental_task_B",2123119,2123282,163,94,234.1,770.1,NA,NA,11
"347",1,12,"low","experimental_task_B",2125636,2125688,52,6,220.9,138.4,NA,NA,1
"348",1,12,"low","experimental_task_B",2125733,2125896,163,44,520.8,183.4,NA,NA,2
"349",1,12,"low","experimental_task_B",2125936,2126165,229,39,225.6,116.4,NA,NA,3
"350",1,12,"low","experimental_task_B",2126214,2126352,138,48,580.8,170.2,NA,NA,4
"351",1,12,"low","experimental_task_B",2126391,2126519,128,38,752.2,131.6,NA,NA,5
"352",1,12,"low","experimental_task_B",2126559,2126754,195,39,997.7,76.9,NA,NA,6
"353",1,12,"low","experimental_task_B",2126807,2126951,144,52,599.5,175.6,NA,NA,7
"354",1,12,"low","experimental_task_B",2126999,2127088,89,47,919.6,92.1,NA,NA,8
"355",1,12,"low","experimental_task_B",2127173,2127343,170,84,235.6,710.5,NA,NA,9
"356",1,41,"low","experimental_task_B",2128177,2128365,188,52,201,116.4,NA,NA,1
"357",1,41,"low","experimental_task_B",2128394,2128533,139,28,431.5,163.2,NA,NA,2
"358",1,41,"low","experimental_task_B",2128560,2128788,228,26,646.4,161.9,NA,NA,3
"359",1,41,"low","experimental_task_B",2128845,2129025,180,56,241.7,121.1,NA,NA,4
"360",1,41,"low","experimental_task_B",2129072,2129226,154,46,507.6,185.3,NA,NA,5
"361",1,41,"low","experimental_task_B",2129276,2129417,141,49,794.7,111.8,NA,NA,6
"362",1,41,"low","experimental_task_B",2129485,2129667,182,67,182.3,674.4,NA,NA,7
"363",1,87,"high","experimental_task_B",2130606,2130757,151,20,243.4,140.5,NA,NA,1
"364",1,87,"high","experimental_task_B",2130803,2130913,110,45,465.7,187.1,NA,NA,2
"365",1,87,"high","experimental_task_B",2130960,2131116,156,NA,750.4,139.2,NA,NA,3
"366",1,87,"high","experimental_task_B",2131159,2131364,205,42,936.4,79.8,NA,NA,4
"367",1,87,"high","experimental_task_B",2131403,2131512,109,38,697.4,146.3,NA,NA,5
"368",1,87,"high","experimental_task_B",2131592,2131786,194,79,227.9,645,NA,NA,6
"369",1,87,"high","experimental_task_B",2131841,2131944,103,54,468.8,669.2,NA,NA,7
"370",1,71,"high","experimental_task_B",2132967,2133191,224,NA,195.8,131.4,NA,NA,1
"371",1,71,"high","experimental_task_B",2133239,2133392,153,NA,471.8,164.9,NA,NA,2
"372",1,71,"high","experimental_task_B",2133439,2133612,173,46,751.1,129.8,NA,NA,3
"373",1,71,"high","experimental_task_B",2133666,2133903,237,53,1175.7,71.7,NA,NA,4
"374",1,71,"high","experimental_task_B",2134003,2134102,99,99,609.6,165.7,NA,NA,5
"375",1,71,"high","experimental_task_B",2134143,2134337,194,40,275.7,119.3,NA,NA,6
"376",1,71,"high","experimental_task_B",2134386,2134514,128,48,607.7,160.4,NA,NA,7
"377",1,71,"high","experimental_task_B",2134590,2134732,142,75,202.4,694,NA,NA,8
"378",1,59,"high","experimental_task_B",2148197,2148434,237,48,231.8,167.7,NA,NA,1
"379",1,59,"high","experimental_task_B",2148483,2148637,154,43,591.8,192.1,NA,NA,2
"380",1,59,"high","experimental_task_B",2148681,2148827,146,NA,835.9,117.2,NA,NA,3
"381",1,59,"high","experimental_task_B",2148869,2149026,157,NA,1098,97.8,NA,NA,4
"382",1,59,"high","experimental_task_B",2149100,2149314,214,NA,286,644.6,NA,NA,5
"383",1,81,"high","experimental_task_B",2152315,2152409,94,20,232.2,141.5,NA,NA,1
"384",1,81,"high","experimental_task_B",2152465,2152646,181,NA,756.4,146,NA,NA,2
"385",1,81,"high","experimental_task_B",2152694,2152914,220,NA,1107.5,83.9,NA,NA,3
"386",1,81,"high","experimental_task_B",2153000,2153174,174,85,270.8,676.2,NA,NA,4
"387",1,35,"low","experimental_task_B",2154231,2154441,210,39,281.9,122.7,NA,NA,1
"388",1,35,"low","experimental_task_B",2154493,2154656,163,51,705,135.2,NA,NA,2
"389",1,35,"low","experimental_task_B",2154687,2154833,146,30,929.1,77.2,NA,NA,3
"390",1,35,"low","experimental_task_B",2154860,2154938,78,NA,1038.4,84.3,NA,NA,4
"391",1,35,"low","experimental_task_B",2155029,2155250,221,90,217.9,657.9,NA,NA,5
"392",1,74,"high","experimental_task_B",2156729,2156906,177,27,274.9,164.5,NA,NA,1
"393",1,74,"high","experimental_task_B",2156958,2157153,195,NA,722.8,149.7,NA,NA,2
"394",1,74,"high","experimental_task_B",2157187,2157241,54,33,569.9,166.1,NA,NA,3
"395",1,74,"high","experimental_task_B",2157295,2157435,140,53,1029.3,72.5,NA,NA,4
"396",1,74,"high","experimental_task_B",2157457,2157532,75,NA,1087.8,83.1,NA,NA,5
"397",1,74,"high","experimental_task_B",2157611,2157854,243,78,222.8,667.8,NA,NA,6
"398",1,88,"high","experimental_task_B",2159255,2159387,132,48,428.5,174.3,NA,NA,1
"399",1,88,"high","experimental_task_B",2159440,2159577,137,52,847.9,112,NA,NA,2
"400",1,88,"high","experimental_task_B",2159603,2159712,109,NA,741.8,133.4,NA,NA,3
"401",1,88,"high","experimental_task_B",2159753,2159972,219,40,1005.9,70,NA,NA,4
"402",1,88,"high","experimental_task_B",2160059,2160213,154,86,280.3,703.1,NA,NA,5
"403",1,88,"high","experimental_task_B",2160238,2160363,125,24,177.5,699.8,NA,NA,6
"404",1,8,"low","experimental_task_B",2161403,2161539,136,NA,334.7,171.7,NA,NA,1
"405",1,8,"low","experimental_task_B",2161583,2161746,163,43,660.4,169.3,NA,NA,2
"406",1,8,"low","experimental_task_B",2161780,2161975,195,33,451.7,166.8,NA,NA,3
"407",1,8,"low","experimental_task_B",2162037,2162235,198,NA,1009.5,76,NA,NA,4
"408",1,8,"low","experimental_task_B",2162312,2162496,184,NA,228.7,693.9,NA,NA,5
"409",1,29,"low","experimental_task_B",2163647,2163823,176,26,368.2,178.9,NA,NA,1
"410",1,29,"low","experimental_task_B",2163868,2164021,153,44,647.1,167.5,NA,NA,2
"411",1,29,"low","experimental_task_B",2164046,2164201,155,24,758.1,129.1,NA,NA,3
"412",1,29,"low","experimental_task_B",2164248,2164422,174,NA,1032.7,67.5,NA,NA,4
"413",1,29,"low","experimental_task_B",2164502,2164821,319,79,240.7,651.1,NA,NA,5
"414",1,29,"low","experimental_task_B",2164840,2165156,316,18,189.1,672.1,NA,NA,6
"415",1,100,"high","experimental_task_B",2166549,2166728,179,31,185.8,134.4,NA,NA,1
"416",1,100,"high","experimental_task_B",2166773,2166934,161,44,385.8,150.6,NA,NA,2
"417",1,100,"high","experimental_task_B",2166963,2167086,123,28,262.4,116.1,NA,NA,3
"418",1,100,"high","experimental_task_B",2167132,2167238,106,45,633.6,165.3,NA,NA,4
"419",1,100,"high","experimental_task_B",2167279,2167445,166,40,876.7,105.8,NA,NA,5
"420",1,100,"high","experimental_task_B",2167488,2167668,180,NA,1133.6,85,NA,NA,6
"421",1,100,"high","experimental_task_B",2167758,2167973,215,89,259.7,697.1,NA,NA,7
"422",1,3,"low","experimental_task_B",2169298,2169427,129,33,387.2,174.4,NA,NA,1
"423",1,3,"low","experimental_task_B",2169472,2169676,204,NA,632.4,174.1,NA,NA,2
"424",1,3,"low","experimental_task_B",2169732,2169992,260,55,1059.4,87.7,NA,NA,3
"425",1,3,"low","experimental_task_B",2170083,2170483,400,90,257.3,676.7,NA,NA,4
"426",1,64,"high","experimental_task_B",2171492,2171700,208,NA,270,120.8,NA,NA,1
"427",1,64,"high","experimental_task_B",2171749,2171912,163,48,516.3,170.7,NA,NA,2
"428",1,64,"high","experimental_task_B",2171968,2172272,304,55,912.6,86.6,NA,NA,3
"429",1,64,"high","experimental_task_B",2172310,2172446,136,NA,1111,69.3,NA,NA,4
"430",1,64,"high","experimental_task_B",2172551,2172770,219,104,202.3,695.2,NA,NA,5
"431",1,17,"low","experimental_task_B",2174127,2174268,141,NA,445.9,174.5,NA,NA,1
"432",1,17,"low","experimental_task_B",2174326,2174502,176,57,858.6,90.6,NA,NA,2
"433",1,17,"low","experimental_task_B",2174546,2174826,280,43,1135.9,85.8,NA,NA,3
"434",1,17,"low","experimental_task_B",2174911,2175142,231,84,283.7,662.1,NA,1,4
"435",1,17,"low","experimental_task_B",2175394,2175424,30,251,723.1,623.3,1,1,5
"436",1,17,"low","experimental_task_B",2175446,2175477,31,21,722.9,623.7,1,NA,6
"437",1,2,"low","experimental_task_B",2176211,2176302,91,25,214.7,120,NA,NA,1
"438",1,2,"low","experimental_task_B",2176360,2176553,193,NA,805.6,96.3,NA,NA,2
"439",1,2,"low","experimental_task_B",2176578,2176711,133,24,915.1,75.7,NA,NA,3
"440",1,2,"low","experimental_task_B",2176752,2176854,102,40,1122,61.8,NA,NA,4
"441",1,2,"low","experimental_task_B",2176937,2177128,191,NA,266.6,663.9,NA,1,5
"442",1,2,"low","experimental_task_B",2177245,2177265,20,116,739.2,619.7,1,1,6
"443",1,2,"low","experimental_task_B",2177578,2177677,99,312,413.4,661.2,1,NA,7
"444",1,52,"high","experimental_task_B",2178408,2178521,113,23,470.9,190.8,NA,NA,1
"445",1,52,"high","experimental_task_B",2178558,2178661,103,NA,245.7,117.4,NA,NA,2
"446",1,52,"high","experimental_task_B",2178716,2178911,195,54,807.5,106,NA,NA,3
"447",1,52,"high","experimental_task_B",2178955,2179074,119,43,1024.7,83,NA,NA,4
"448",1,52,"high","experimental_task_B",2179169,2179344,175,94,236.3,713,NA,NA,5
"449",1,62,"high","experimental_task_B",2180363,2180488,125,NA,217.4,130,NA,NA,1
"450",1,62,"high","experimental_task_B",2180547,2180641,94,58,562,181.1,NA,NA,2
"451",1,62,"high","experimental_task_B",2180687,2180838,151,45,863.6,90,NA,NA,3
"452",1,62,"high","experimental_task_B",2180888,2180993,105,49,1177.9,77.6,NA,NA,4
"453",1,62,"high","experimental_task_B",2181095,2181538,443,101,239.6,680.5,NA,NA,5
"454",1,66,"high","experimental_task_B",2184025,2184197,172,35,257.6,145.3,NA,NA,1
"455",1,66,"high","experimental_task_B",2184244,2184383,139,NA,664.9,166.2,NA,NA,2
"456",1,66,"high","experimental_task_B",2184433,2184577,144,49,1005.9,91.7,NA,NA,3
"457",1,66,"high","experimental_task_B",2184600,2184759,159,22,879.3,85,NA,NA,4
"458",1,66,"high","experimental_task_B",2184831,2185019,188,71,243.2,674.5,NA,1,5
"459",1,66,"high","experimental_task_B",2185326,2185450,124,306,790,195.3,1,NA,6
"460",1,66,"high","experimental_task_B",2185470,2185652,182,NA,703.7,194.4,NA,NA,7
"461",1,66,"high","experimental_task_B",2185720,2185938,218,67,253.7,645.3,NA,1,8
"462",1,66,"high","experimental_task_B",2186131,2186215,84,192,830.4,741.8,1,NA,9
"463",1,83,"high","experimental_task_B",2186903,2187022,119,NA,652.6,153.4,NA,NA,1
"464",1,83,"high","experimental_task_B",2187075,2187276,201,NA,1051.3,71.7,NA,NA,2
"465",1,83,"high","experimental_task_B",2187367,2187571,204,90,258.7,668.3,NA,1,3
"466",1,83,"high","experimental_task_B",2187648,2187685,37,76,829.9,670.7,1,1,4
"467",1,83,"high","experimental_task_B",2187707,2187744,37,21,825.9,667,1,NA,5
"468",1,45,"low","experimental_task_B",2188569,2188702,133,23,369.3,178.7,NA,NA,1
"469",1,45,"low","experimental_task_B",2188755,2188934,179,NA,793.4,124.4,NA,NA,2
"470",1,45,"low","experimental_task_B",2188983,2189090,107,48,1103.8,70.4,NA,NA,3
"471",1,45,"low","experimental_task_B",2189187,2189375,188,96,250.5,646.7,NA,NA,4
"472",1,56,"high","experimental_task_B",2192863,2192934,71,360,585.9,95.8,NA,NA,1
"473",1,56,"high","experimental_task_B",2192971,2193130,159,36,844.9,50.4,NA,NA,2
"474",1,56,"high","experimental_task_B",2193170,2193349,179,39,1044.8,50.5,NA,NA,3
"475",1,56,"high","experimental_task_B",2193370,2193460,90,20,1135.5,59.4,NA,NA,4
"476",1,56,"high","experimental_task_B",2193541,2193750,209,80,278.9,617.6,NA,NA,5
"477",1,65,"high","experimental_task_B",2195165,2195251,86,43,401.4,172.7,NA,NA,1
"478",1,65,"high","experimental_task_B",2195301,2195464,163,49,771.4,112.3,NA,NA,2
"479",1,65,"high","experimental_task_B",2195511,2195654,143,46,1058.4,56.3,NA,NA,3
"480",1,65,"high","experimental_task_B",2195731,2195910,179,NA,251.7,679.1,NA,1,4
"481",1,65,"high","experimental_task_B",2195963,2196173,210,52,816,637.1,1,NA,5
"482",1,44,"low","experimental_task_B",2197194,2197330,136,39,219.1,116.2,NA,NA,1
"483",1,44,"low","experimental_task_B",2197394,2197611,217,63,859.1,102.4,NA,NA,2
"484",1,44,"low","experimental_task_B",2197638,2197759,121,26,1022.8,85.8,NA,NA,3
"485",1,44,"low","experimental_task_B",2197837,2198029,192,NA,266.2,708.1,NA,NA,4
"486",1,85,"high","experimental_task_B",2201336,2201426,90,25,211.5,131.6,NA,NA,1
"487",1,85,"high","experimental_task_B",2201489,2201613,124,62,598.7,172.8,NA,NA,2
"488",1,85,"high","experimental_task_B",2201666,2201773,107,NA,938.5,73.2,NA,NA,3
"489",1,85,"high","experimental_task_B",2201802,2201871,69,28,1092.4,71.1,NA,NA,4
"490",1,85,"high","experimental_task_B",2201956,2202148,192,84,209.9,750,NA,NA,5
"491",1,54,"high","experimental_task_B",2203333,2203450,117,1184,335.9,169.4,NA,NA,1
"492",1,54,"high","experimental_task_B",2203476,2203693,217,25,232.6,100.7,NA,NA,2
"493",1,54,"high","experimental_task_B",2203735,2203926,191,41,409.9,148.8,NA,NA,3
"494",1,54,"high","experimental_task_B",2203955,2204088,133,28,268.8,105.6,NA,NA,4
"495",1,54,"high","experimental_task_B",2204145,2204238,93,56,572,166.1,NA,NA,5
"496",1,54,"high","experimental_task_B",2204285,2204432,147,46,891.4,86.4,NA,NA,6
"497",1,54,"high","experimental_task_B",2204468,2204554,86,NA,1044.9,72.6,NA,NA,7
"498",1,54,"high","experimental_task_B",2204637,2204789,152,82,190.7,672.9,NA,NA,8
"499",1,54,"high","experimental_task_B",2204832,2204928,96,42,408.7,679.2,NA,NA,9
"500",1,51,"high","experimental_task_B",2206126,2206256,130,32,311.5,132.1,NA,NA,1
"501",1,51,"high","experimental_task_B",2206296,2206543,247,39,536.4,170.6,NA,NA,2
"502",1,51,"high","experimental_task_B",2206565,2206731,166,21,624.8,161.4,NA,NA,3
"503",1,51,"high","experimental_task_B",2206784,2206920,136,52,1011.9,88.7,NA,NA,4
"504",1,51,"high","experimental_task_B",2206946,2207052,106,25,874.3,86.9,NA,NA,5
"505",1,51,"high","experimental_task_B",2207140,2207323,183,NA,169,709.1,NA,NA,6
"506",1,19,"low","experimental_task_B",2209923,2210065,142,244,328.6,166.2,NA,NA,1
"507",1,19,"low","experimental_task_B",2210094,2210283,189,28,188.4,135.7,NA,NA,2
"508",1,19,"low","experimental_task_B",2210333,2210481,148,49,431,165.6,NA,NA,3
"509",1,19,"low","experimental_task_B",2210527,2210774,247,NA,734.7,126.5,NA,NA,4
"510",1,19,"low","experimental_task_B",2210823,2210936,113,48,1037.2,71.6,NA,NA,5
"511",1,19,"low","experimental_task_B",2210983,2211182,199,46,635.7,157.4,NA,NA,6
"512",1,19,"low","experimental_task_B",2211239,2211341,102,56,1026.8,84.8,NA,NA,7
"513",1,19,"low","experimental_task_B",2211429,2211592,163,87,222.4,731.3,NA,NA,8
"514",1,11,"low","experimental_task_B",2212769,2213049,280,11,304.7,137.9,NA,NA,1
"515",1,11,"low","experimental_task_B",2213076,2213518,442,26,216,103.2,NA,NA,2
"516",1,11,"low","experimental_task_B",2213572,2213742,170,NA,551,163.4,NA,NA,3
"517",1,11,"low","experimental_task_B",2213767,2213996,229,24,696.4,147.7,NA,NA,4
"518",1,11,"low","experimental_task_B",2214018,2214307,289,21,781,109.4,NA,NA,5
"519",1,11,"low","experimental_task_B",2214338,2214635,297,30,664.7,156.1,NA,NA,6
"520",1,11,"low","experimental_task_B",2214689,2215097,408,53,945.5,83.6,NA,NA,7
"521",1,11,"low","experimental_task_B",2215132,2215322,190,34,1139.9,74.1,NA,NA,8
"522",1,11,"low","experimental_task_B",2215400,2215497,97,77,374.9,553.2,NA,NA,9
"523",1,11,"low","experimental_task_B",2215540,2215673,133,42,316.4,688.8,NA,NA,10
"524",1,11,"low","experimental_task_B",2215701,2215792,91,27,203.8,702,NA,NA,11
"525",1,11,"low","experimental_task_B",2215858,2215987,129,NA,329.4,168.1,NA,NA,12
"526",1,72,"high","experimental_task_B",2233055,2233311,256,26,175.9,146.7,NA,NA,1
"527",1,72,"high","experimental_task_B",2233361,2233477,116,49,575.4,181,NA,NA,2
"528",1,72,"high","experimental_task_B",2233519,2233646,127,41,830.2,97.4,NA,NA,3
"529",1,72,"high","experimental_task_B",2233685,2233785,100,38,1044.7,68.7,NA,NA,4
"530",1,72,"high","experimental_task_B",2233864,2234048,184,78,222.2,748.7,NA,1,5
"531",1,72,"high","experimental_task_B",2234729,2234869,140,NA,974.7,276.2,1,NA,6
"532",1,89,"high","experimental_task_B",2235642,2235746,104,31,407.5,166.5,NA,NA,1
"533",1,89,"high","experimental_task_B",2235798,2235995,197,NA,837,95.7,NA,NA,2
"534",1,89,"high","experimental_task_B",2236043,2236168,125,47,1105.4,71.1,NA,NA,3
"535",1,89,"high","experimental_task_B",2236266,2236452,186,97,284.1,677,NA,1,4
"536",1,89,"high","experimental_task_B",2236569,2236592,23,116,748.6,630.5,1,1,5
"537",1,89,"high","experimental_task_B",2236624,2236666,42,31,748.5,630.4,1,NA,6
"538",1,38,"low","experimental_task_B",2239131,2239247,116,25,204.1,135.7,NA,NA,1
"539",1,38,"low","experimental_task_B",2239303,2239456,153,55,743.7,149.1,NA,NA,2
"540",1,38,"low","experimental_task_B",2239497,2239661,164,40,997.6,74.3,NA,NA,3
"541",1,38,"low","experimental_task_B",2239688,2239785,97,26,867.2,100.6,NA,NA,4
"542",1,38,"low","experimental_task_B",2239875,2240049,174,89,226.4,672.5,NA,NA,5
"543",1,38,"low","experimental_task_B",2240099,2240181,82,49,476.1,653.5,NA,NA,6
"544",1,96,"high","experimental_task_B",2242852,2243007,155,258,320.1,166.3,NA,NA,1
"545",1,96,"high","experimental_task_B",2243035,2243154,119,27,219.9,122.5,NA,NA,2
"546",1,96,"high","experimental_task_B",2243206,2243420,214,51,704.4,158.4,NA,NA,3
"547",1,96,"high","experimental_task_B",2243454,2243599,145,33,904.9,91,NA,NA,4
"548",1,96,"high","experimental_task_B",2243646,2243838,192,46,561,190.7,NA,NA,5
"549",1,96,"high","experimental_task_B",2243864,2243888,24,NA,680.6,218.1,NA,NA,6
"550",1,96,"high","experimental_task_B",2243966,2244124,158,77,232,762.8,NA,NA,7
"551",1,96,"high","experimental_task_B",2244145,2244238,93,20,216.5,719.7,NA,1,8
"552",1,96,"high","experimental_task_B",2244834,2244959,125,595,860.5,194.3,1,NA,9
"553",1,60,"high","experimental_task_B",2245681,2245835,154,46,467,176.2,NA,NA,1
"554",1,60,"high","experimental_task_B",2245883,2246072,189,NA,808.4,109.3,NA,NA,2
"555",1,60,"high","experimental_task_B",2246121,2246230,109,48,1089.6,109.7,NA,NA,3
"556",1,60,"high","experimental_task_B",2246313,2246517,204,82,314.2,700,NA,NA,4
"557",1,57,"high","experimental_task_B",2247270,2247369,99,20,204.1,140.3,NA,NA,1
"558",1,57,"high","experimental_task_B",2247423,2247654,231,NA,717.5,155.4,NA,1,2
"559",1,57,"high","experimental_task_B",2247922,2248026,104,267,539.1,190.7,1,NA,3
"560",1,57,"high","experimental_task_B",2248081,2248194,113,54,994.1,96.2,NA,NA,4
"561",1,57,"high","experimental_task_B",2248282,2248506,224,87,253,663.6,NA,NA,5
"562",1,57,"high","experimental_task_B",2248532,2248699,167,NA,350.5,655.1,NA,1,6
"563",1,57,"high","experimental_task_B",2248936,2248999,63,236,776.7,667.2,1,NA,7
"564",1,33,"low","experimental_task_B",2251082,2251259,177,NA,205.5,110.2,NA,NA,1
"565",1,33,"low","experimental_task_B",2251304,2251394,90,44,574.2,169.2,NA,1,2
"566",1,33,"low","experimental_task_B",2251704,2252168,464,309,272.7,105.4,1,NA,3
"567",1,33,"low","experimental_task_B",2252191,2252347,156,NA,169.7,113,NA,NA,4
"568",1,33,"low","experimental_task_B",2252388,2252602,214,40,391.9,153.6,NA,NA,5
"569",1,33,"low","experimental_task_B",2252630,2252889,259,NA,570.1,162.4,NA,NA,6
"570",1,33,"low","experimental_task_B",2252910,2253232,322,NA,650,156.2,NA,NA,7
"571",1,33,"low","experimental_task_B",2253284,2253425,141,51,1038.4,77.7,NA,NA,8
"572",1,33,"low","experimental_task_B",2253449,2253556,107,23,914.5,73.1,NA,NA,9
"573",1,33,"low","experimental_task_B",2253640,2253804,164,83,258.3,689.6,NA,1,10
"574",1,33,"low","experimental_task_B",2254085,2254300,215,280,328.3,143.1,1,NA,11
"575",1,76,"high","experimental_task_B",2254997,2255181,184,48,548.8,170,NA,NA,1
"576",1,76,"high","experimental_task_B",2255210,2255395,185,28,732.6,138.6,NA,NA,2
"577",1,76,"high","experimental_task_B",2255451,2255634,183,55,357.2,148.1,NA,NA,3
"578",1,76,"high","experimental_task_B",2255680,2255842,162,45,673.4,164.6,NA,NA,4
"579",1,76,"high","experimental_task_B",2255867,2256068,201,NA,816.6,95.6,NA,NA,5
"580",1,76,"high","experimental_task_B",2256113,2256290,177,44,1094.9,69.7,NA,NA,6
"581",1,76,"high","experimental_task_B",2256382,2256538,156,91,216,684.9,NA,NA,7
"582",1,39,"low","experimental_task_B",2259840,2260406,566,27,232.2,129.3,NA,NA,1
"583",1,39,"low","experimental_task_B",2260453,2260652,199,46,476.4,172.3,NA,NA,2
"584",1,39,"low","experimental_task_B",2260705,2261018,313,52,840.7,98.9,NA,NA,3
"585",1,39,"low","experimental_task_B",2261090,2261292,202,71,194.6,695.7,NA,NA,4
"586",1,39,"low","experimental_task_B",2261339,2261445,106,46,451,660.9,NA,NA,5
"587",1,40,"low","experimental_task_B",2262259,2262399,140,23,379.8,166,NA,NA,1
"588",1,40,"low","experimental_task_B",2262446,2262652,206,46,728.1,150.8,NA,NA,2
"589",1,40,"low","experimental_task_B",2262679,2262807,128,26,915.5,86.9,NA,NA,3
"590",1,40,"low","experimental_task_B",2262842,2262929,87,34,1075.1,75,NA,NA,4
"591",1,40,"low","experimental_task_B",2263006,2263197,191,76,211.7,644.5,NA,1,5
"592",1,40,"low","experimental_task_B",2264053,2264179,126,855,833.7,210.1,1,NA,6
"593",1,40,"low","experimental_task_B",2264210,2264321,111,30,1057.4,135,NA,NA,7
"594",1,40,"low","experimental_task_B",2264401,2264544,143,79,419.1,646.9,NA,NA,8
"595",1,40,"low","experimental_task_B",2264581,2264761,180,36,258.7,683,NA,NA,9
"596",1,7,"low","experimental_task_B",2265693,2265923,230,13,306.5,155.4,NA,NA,1
"597",1,7,"low","experimental_task_B",2265972,2266160,188,48,687,167.2,NA,NA,2
"598",1,7,"low","experimental_task_B",2266184,2266337,153,23,804.2,112.6,NA,NA,3
"599",1,7,"low","experimental_task_B",2266385,2266556,171,47,1072.3,65.9,NA,NA,4
"600",1,7,"low","experimental_task_B",2266638,2266819,181,81,230.6,611.6,NA,NA,5
"601",1,7,"low","experimental_task_B",2266840,2267257,417,NA,198.7,684.1,NA,NA,6
"602",1,7,"low","experimental_task_B",2267285,2267442,157,NA,355.1,697,NA,NA,7
"603",1,7,"low","experimental_task_B",2267471,2267573,102,28,221.5,703.3,NA,1,8
"604",1,7,"low","experimental_task_B",2267883,2267905,22,309,438.8,681,1,1,9
"605",1,7,"low","experimental_task_B",2267929,2267968,39,23,428.2,678.9,1,1,10
"606",1,7,"low","experimental_task_B",2268034,2268094,60,65,426.1,673.6,1,NA,11
"607",1,6,"low","experimental_task_B",2269776,2269895,119,25,218.7,126.6,NA,NA,1
"608",1,6,"low","experimental_task_B",2269943,2270191,248,NA,578.6,172.6,NA,NA,2
"609",1,6,"low","experimental_task_B",2270218,2270269,51,26,758.4,133.8,NA,NA,3
"610",1,6,"low","experimental_task_B",2270311,2270480,169,NA,1020.3,70.9,NA,NA,4
"611",1,6,"low","experimental_task_B",2270528,2270666,138,47,717.1,143.2,NA,NA,5
"612",1,6,"low","experimental_task_B",2270742,2270911,169,75,216.8,702.9,NA,1,6
"613",1,6,"low","experimental_task_B",2271071,2271092,21,159,463.1,661,1,NA,7
"614",1,79,"high","experimental_task_B",2274182,2274333,151,30,229.5,123.8,NA,NA,1
"615",1,79,"high","experimental_task_B",2274384,2274581,197,50,707.6,152.7,NA,NA,2
"616",1,79,"high","experimental_task_B",2274594,2274667,73,NA,683.8,169.3,NA,NA,3
"617",1,79,"high","experimental_task_B",2274694,2274880,186,NA,815.3,96.7,NA,NA,4
"618",1,79,"high","experimental_task_B",2274923,2275045,122,NA,1123.6,59.5,NA,NA,5
"619",1,79,"high","experimental_task_B",2275106,2275228,122,60,545.2,172.2,NA,NA,6
"620",1,79,"high","experimental_task_B",2275257,2275389,132,28,370.4,149.6,NA,NA,7
"621",1,79,"high","experimental_task_B",2275413,2275454,41,23,277.6,116.3,NA,NA,8
"622",1,79,"high","experimental_task_B",2275519,2275650,131,64,990.6,77.5,NA,NA,9
"623",1,79,"high","experimental_task_B",2275680,2275781,101,29,1121.2,71.6,NA,NA,10
"624",1,79,"high","experimental_task_B",2275861,2276063,202,79,295.6,683.2,NA,1,11
"625",1,79,"high","experimental_task_B",2276557,2276594,37,493,765.4,633.6,1,1,12
"626",1,79,"high","experimental_task_B",2276623,2276697,74,28,757,630.9,1,1,13
"627",1,79,"high","experimental_task_B",2276718,2276781,63,20,751.1,633.9,1,NA,14
"628",1,80,"high","experimental_task_B",2277637,2277797,160,NA,260.8,120.3,NA,NA,1
"629",1,80,"high","experimental_task_B",2277859,2278074,215,NA,697.2,170.3,NA,NA,2
"630",1,80,"high","experimental_task_B",2278126,2278329,203,51,1080.7,64.4,NA,NA,3
"631",1,80,"high","experimental_task_B",2278421,2278640,219,91,314.4,703.8,NA,NA,4
"632",1,5,"low","experimental_task_B",2279694,2279791,97,26,238,113,NA,NA,1
"633",1,5,"low","experimental_task_B",2279842,2279953,111,50,554.4,152.2,NA,NA,2
"634",1,5,"low","experimental_task_B",2280000,2280181,181,NA,868.8,88.2,NA,NA,3
"635",1,5,"low","experimental_task_B",2280225,2280349,124,43,1126.1,68.8,NA,NA,4
"636",1,5,"low","experimental_task_B",2280379,2280470,91,29,982.6,71.3,NA,NA,5
"637",1,5,"low","experimental_task_B",2280543,2280736,193,NA,312.9,682.5,NA,NA,6
"638",1,5,"low","experimental_task_B",2280773,2280935,162,NA,198.7,699.7,NA,NA,7
"639",1,47,"low","experimental_task_B",2281515,2281718,203,33,431.6,170.8,NA,NA,1
"640",1,47,"low","experimental_task_B",2281753,2281987,234,34,217.5,108.8,NA,NA,2
"641",1,47,"low","experimental_task_B",2282010,2282336,326,22,330.3,128.5,NA,NA,3
"642",1,47,"low","experimental_task_B",2282390,2282550,160,53,775.7,128.6,NA,NA,4
"643",1,47,"low","experimental_task_B",2282574,2282722,148,23,905.3,90.6,NA,NA,5
"644",1,47,"low","experimental_task_B",2282801,2283024,223,NA,289.8,684.4,NA,NA,6
"645",1,95,"high","experimental_task_B",2285029,2285314,285,24,217.6,116.7,NA,NA,1
"646",1,95,"high","experimental_task_B",2285336,2285474,138,21,344.3,137.6,NA,NA,2
"647",1,95,"high","experimental_task_B",2285531,2285717,186,56,796.4,118.9,NA,NA,3
"648",1,95,"high","experimental_task_B",2285756,2285922,166,38,977.1,76.4,NA,NA,4
"649",1,95,"high","experimental_task_B",2286000,2286219,219,NA,270.2,698.5,NA,1,5
"650",1,95,"high","experimental_task_B",2286289,2286343,54,69,785.9,641.5,1,1,6
"651",1,95,"high","experimental_task_B",2286429,2286471,42,85,777.3,641.1,1,1,7
"652",1,95,"high","experimental_task_B",2286663,2286829,166,191,803.4,138.8,1,NA,8
"653",1,94,"high","experimental_task_B",2288868,2289060,192,213,408.6,196,NA,NA,1
"654",1,94,"high","experimental_task_B",2289096,2289168,72,35,255.8,105.8,NA,NA,2
"655",1,94,"high","experimental_task_B",2289224,2289365,141,NA,774.3,129.4,NA,NA,3
"656",1,94,"high","experimental_task_B",2289403,2289539,136,NA,942.3,75.2,NA,NA,4
"657",1,94,"high","experimental_task_B",2289579,2289652,73,39,1171.6,60.8,NA,NA,5
"658",1,94,"high","experimental_task_B",2289743,2289934,191,90,265.9,732.4,NA,1,6
"659",1,94,"high","experimental_task_B",2290194,2290317,123,259,759.1,620.5,1,NA,7
"660",1,69,"high","experimental_task_B",2291246,2291366,120,28,198.9,132.8,NA,NA,1
"661",1,69,"high","experimental_task_B",2291416,2291734,318,49,501.4,184.6,NA,NA,2
"662",1,69,"high","experimental_task_B",2291771,2292071,300,36,269.7,121.2,NA,NA,3
"663",1,69,"high","experimental_task_B",2292119,2292228,109,47,530.9,176.6,NA,NA,4
"664",1,69,"high","experimental_task_B",2292275,2292384,109,46,786.1,116.3,NA,NA,5
"665",1,69,"high","experimental_task_B",2292413,2292547,134,28,941.7,78.5,NA,NA,6
"666",1,69,"high","experimental_task_B",2292629,2292828,199,81,288.3,738.3,NA,NA,7
"667",1,58,"high","experimental_task_B",2295683,2295813,130,29,196.5,119.1,NA,NA,1
"668",1,58,"high","experimental_task_B",2295860,2296032,172,46,621.4,167.8,NA,NA,2
"669",1,58,"high","experimental_task_B",2296059,2296201,142,26,780.7,98.6,NA,NA,3
"670",1,58,"high","experimental_task_B",2296249,2296332,83,47,1067.9,66.2,NA,NA,4
"671",1,58,"high","experimental_task_B",2296404,2296581,177,71,258.9,708.4,NA,1,5
"672",1,58,"high","experimental_task_B",2296971,2297068,97,389,639.2,234.1,1,NA,6
"673",1,58,"high","experimental_task_B",2297119,2297299,180,50,344.4,176.1,NA,NA,7
"674",1,58,"high","experimental_task_B",2297358,2297487,129,58,942.5,104.3,NA,NA,8
"675",1,9,"low","experimental_task_B",2298181,2298400,219,27,193,132.3,NA,NA,1
"676",1,9,"low","experimental_task_B",2298425,2298783,358,24,260,130.7,NA,NA,2
"677",1,9,"low","experimental_task_B",2298836,2299055,219,52,670.6,179.4,NA,NA,3
"678",1,9,"low","experimental_task_B",2299080,2299233,153,24,812,105.2,NA,NA,4
"679",1,9,"low","experimental_task_B",2299286,2299428,142,NA,1121.4,82.2,NA,NA,5
"680",1,9,"low","experimental_task_B",2299507,2299696,189,78,252.9,694.5,NA,NA,6
"681",1,84,"high","experimental_task_B",2300721,2300876,155,22,387.3,180,NA,NA,1
"682",1,84,"high","experimental_task_B",2300935,2301076,141,58,901.7,91.9,NA,NA,2
"683",1,84,"high","experimental_task_B",2301111,2301195,84,34,742,147.6,NA,NA,3
"684",1,84,"high","experimental_task_B",2301261,2301568,307,65,268,695.4,NA,NA,4
"685",1,18,"low","experimental_task_B",2303738,2303808,70,254,282.8,147.5,NA,NA,1
"686",1,18,"low","experimental_task_B",2303846,2303925,79,37,600.4,169.9,NA,NA,2
"687",1,18,"low","experimental_task_B",2304061,2304271,210,135,795.8,108.7,NA,NA,3
"688",1,18,"low","experimental_task_B",2304295,2304695,400,22,883.4,77.5,NA,NA,4
"689",1,18,"low","experimental_task_B",2304739,2304915,176,43,606.2,172.6,NA,NA,5
"690",1,18,"low","experimental_task_B",2304962,2305123,161,46,829.4,85.3,NA,NA,6
"691",1,18,"low","experimental_task_B",2305164,2305354,190,40,1105.2,84.2,NA,NA,7
"692",1,18,"low","experimental_task_B",2305433,2305602,169,78,264.7,653.1,NA,1,8
"693",1,18,"low","experimental_task_B",2305933,2305978,45,330,484.5,669.8,1,1,9
"694",1,18,"low","experimental_task_B",2306000,2306028,28,21,484.8,672.2,1,NA,10
"695",1,82,"high","experimental_task_B",2306529,2306837,308,NA,345,163.5,NA,NA,1
"696",1,82,"high","experimental_task_B",2306864,2307224,360,26,497.2,182.2,NA,NA,2
"697",1,82,"high","experimental_task_B",2307265,2307427,162,40,763.9,145,NA,NA,3
"698",1,82,"high","experimental_task_B",2307460,2307616,156,32,939.3,80.1,NA,NA,4
"699",1,82,"high","experimental_task_B",2307692,2307863,171,75,257.5,671,NA,1,5
"700",1,82,"high","experimental_task_B",2308352,2308448,96,488,721.7,243.9,1,NA,6
"701",1,82,"high","experimental_task_B",2308506,2308704,198,57,268.4,118.8,NA,NA,7
"702",1,82,"high","experimental_task_B",2308769,2308949,180,NA,844.4,139.9,NA,NA,8
"703",1,55,"high","experimental_task_B",2309723,2309846,123,24,445.6,175,NA,NA,1
"704",1,55,"high","experimental_task_B",2309878,2310004,126,NA,248.6,107.7,NA,NA,2
"705",1,55,"high","experimental_task_B",2310056,2310243,187,51,733.3,149.1,NA,NA,3
"706",1,55,"high","experimental_task_B",2310288,2310442,154,NA,1019.7,80.2,NA,NA,4
"707",1,55,"high","experimental_task_B",2310465,2310618,153,22,908.1,104.7,NA,NA,5
"708",1,55,"high","experimental_task_B",2310685,2310849,164,66,237.2,668.8,NA,NA,6
